ano,consumo_residencial_anual_m3,economias_residenciais,consumo_medio_m3_por_economia_mes
1997,19268164,87183,18.4174
1998,19178494,90576,17.6449
1999,20003531,94272,17.6825
2000,21638317,97346,18.5235
2001,19685032,102153,16.0585
2002,18988575,105062,15.0614
2003,19565989,104380,15.6208
2004,19226110,105224,15.2263
2005,20313319,107693,15.7185
2006,20889846,110495,15.7547
2007,21423713,112706,15.8404
2008,21490561,115743,15.4729
2009,21851376,123435,14.7523
2010,22346598,126310,14.7432
2011,22974586,129183,14.8204
2012,23587652,132195,14.8692
2013,23745095,135264,14.6289
2014,22963936,138564,13.8107
2015,21705153,143871,12.5721
2016,22366843,149009,12.5087
2017,22280971,154937,11.9839
2018,24422371,160989,12.6418
2019,23044296,167288,11.4794
2020,25895963,171744,12.5652
2021,24730998,177429,11.6154
