ano,producao_total_m3,distribuicao_total_m3,consumo_contabilizado_total_m3,quality_flag_producao
1990,34378031,32482677,20327440,ok
1991,38340135,36154645,20452065,ok
1992,35867069,33419249,20546375,ok
1993,31558620,29040510,20693934,ok
1994,34270445,30935960,21991642,ok
1995,37279990,35128387,22442827,ok
1996,37599889,35619539,23286916,ok
1997,40330461,38334672,24071482,ok
1998,42214351,40282665,23951070,ok
1999,42418436,40769219,24737846,ok
2000,43153917,41485945,26656829,ok
2001,42601187,41140951,23755866,ok
2002,44132152,42579544,22873724,ok
2003,46533385,44883246,23747562,ok
2004,48357278,46694711,23250202,ok
2005,51129824,49120706,24605608,ok
2006,52936397,50690558,25154712,ok
2007,53646897,50807525,26185307,ok
2008,52327442,49707956,26536297,ok
2009,54035400,51438207,26803241,ok
2010,18659624,54658378,30486554,distributed_total_gt_produced_total
2011,58561124,55887996,28728132,ok
2012,61571076,58893976,29478623,ok
2013,62505283,59816782,29670873,ok
2014,62380696,59318463,28628017,ok
2015,61051991,58630370,26719091,ok
2016,63552328,61152030,27158264,ok
2017,66562309,64131614,26812983,ok
2018,67139687,65015711,28831213,ok
2019,58551199,56448574,26961380,produced_total_not_close_to_monthly_x12|distributed_total_not_close_to_monthly_x12
2020,71935112,68450724,29548736,ok
2021,71782021,68274786,28399449,ok
