ano,residencial_m3,comercial_m3,industrial_m3,construcao_m3,publico_m3,gratuita_m3,horta_m3,assistencial_m3,poco_m3,total_m3,periodo_completo,observacoes
1990,16306506,1758837,1464665,12240,485089,236899,32588,30616,0,20327440,true,
1991,16188448,2069910,1275554,7760,560896,241825,44046,63626,0,20452065,true,
1992,16341052,1992187,1184954,2624,568496,322025,42635,92402,0,20546375,true,
1993,16609029,1927250,1092890,1676,632632,310303,46436,73718,0,20693934,true,
1994,17775821,2072197,1161410,180,614786,105647,55344,206257,0,21991642,true,
1995,18066788,2217986,1058101,570,679858,7536,72283,339705,0,22442827,true,
1996,18502583,2543723,1023534,720,491076,284276,81910,359094,0,23286916,true,
1997,19268164,2512415,1041360,690,357575,458691,79909,352678,0,24071482,true,
1998,19178494,2563661,874597,180,362520,523541,76262,371815,0,23951070,true,
1999,20003531,2445629,842524,,354639,625081,95261,371181,0,24737846,true,
2000,21638317,3383581,723196,,911735,,,,0,26656829,true,
2001,19685032,2614261,650998,,805575,,,,0,23755866,true,
2002,18988575,2413688,573804,,897657,,,,0,22873724,true,
2003,19565989,2353911,614214,,841111,5148,78859,288330,0,23747562,true,
2004,19226110,2306176,638420,,244452,471781,67508,295755,0,23250202,true,
2005,20313319,2450245,707941,,236017,491629,71961,334496,0,24605608,true,
2006,20889846,2467642,649047,,252111,505170,66429,324467,0,25154712,true,
2007,21423713,2575410,750760,,255998,760285,69332,349809,0,26185307,true,
2008,21490561,2681799,825799,,211064,923780,56950,346344,0,26536297,true,
2009,21851376,2746719,644533,,151286,1059717,48978,300632,0,26803241,true,
2010,22346598,2969249,773726,,141069,3913999,60172,281741,0,30486554,true,
2011,22974586,3197487,873709,,164098,1156971,50902,310379,0,28728132,true,
2012,23587652,3297196,906070,,176795,1158142,47567,305201,0,29478623,true,
2013,23745095,3281778,1031184,,196633,1069751,37111,309321,0,29670873,true,
2014,22963936,3438375,984537,,234828,963119,43222,0,0,28628017,true,
2015,21705153,3071097,722485,,218586,969002,32768,0,0,26719091,true,
2016,22366843,2866787,558537,40180,224304,1068639,32974,0,0,27158264,true,
2017,22280971,2669111,541037,89961,199541,1001839,30523,0,0,26812983,true,
2018,24422371,2627400,510840,109573,199718,930563,30748,0,0,28831213,true,
2019,23044296,2407455,429738,138152,211143,702643,27953,0,0,26961380,true,
2020,25895963,2231293,380981,205929,134506,563590,29468,107006,0,29548736,true,
2021,24730998,2184129,382969,218989,142233,641019,26572,72540,0,28399449,true,
2022,2391099,213821,33601,25174,13217,53473,1523,6554,0,2738462,false,dados ate janeiro
