ano,residencial,comercial,industrial,publico,gratuito,horta,assistencial,poco,construcao,total,periodo_completo,observacoes
1997,87183,11496,508,142,314,158,235,0,0,100036,true,
1998,90576,12218,507,142,342,166,241,0,0,104192,true,
1999,94272,12587,499,138,362,181,239,0,0,108281,true,
2000,97346,13095,485,177,326,172,247,0,0,111848,true,
2001,102153,13516,487,6,514,192,246,0,0,117114,true,
2002,105062,13782,499,8,539,202,248,0,0,120340,true,
2003,104380,12844,456,143,424,178,267,0,0,118014,true,
2004,105224,12553,435,141,421,177,278,0,0,119229,true,
2005,107693,13035,445,139,429,170,303,0,0,122214,true,
2006,110495,13522,459,138,462,150,314,0,0,125540,true,
2007,112706,13693,439,144,513,145,337,0,0,127978,true,
2008,115743,14058,471,111,344,129,339,0,0,131025,true,
2009,123435,16240,560,87,676,130,294,0,0,141422,true,
2010,126310,17384,568,98,713,128,364,0,0,145566,true,
2011,129183,18413,584,95,752,130,356,0,0,149514,true,
2012,132195,19062,601,103,775,110,353,0,0,153198,true,
2013,135264,19512,618,124,804,101,379,0,0,156801,true,
2014,138564,20110,618,164,739,106,0,2,0,160300,true,
2015,143871,20684,634,170,822,112,0,3,0,166296,true,
2016,149009,20927,635,171,838,124,0,4,567,172275,true,
2017,154937,20932,656,176,913,135,0,61,1304,179113,true,
2018,160989,21213,656,176,942,150,0,53,1283,185462,true,
2019,167288,21510,664,176,1043,156,0,53,1791,192681,true,
2020,171744,21644,666,167,1075,158,723,63,2292,198532,true,
2021,177429,21813,671,163,1081,155,540,66,2998,204916,true,
2022,179643,22387,683,165,1080,134,406,67,3747,208312,false,dados ate janeiro
