ano,agua_extensao_anual_m,agua_rede_existente_m,esgoto_extensao_anual_m,esgoto_rede_existente_m,periodo_completo,observacoes
1976,47123,561054,19339,345346,true,
1977,37534,598588,22229,376575,true,
1978,88164,688752,44935,412510,true,
1979,63993,750745,61391,473901,true,
1980,40503,791248,40201,514102,true,
1981,60724,851972,39525,553627,true,
1982,26922,878894,24407,578034,true,
1983,27650,837749,29422,590996,true,
1984,18222,855981,29672,620668,true,
1985,24238,880219,22686,638544,true,
1986,20339,900558,13919,652463,true,
1987,18126,918684,9304,661767,true,
1988,8182,926866,2640,664407,true,
1989,97523,1024389,197159,861566,true,
1990,28691,1053080,13157,874723,true,
1991,18148,1071228,12366,887089,true,
1992,26173,1097401,9376,896465,true,
1993,13033,1110434,41111,937576,true,
1994,15431,1125865,19187,956763,true,
1995,12706,1138571,18760,975523,true,
1996,10152,1148723,27033,1002556,true,
1997,4806,1153529,14207,1016763,true,
1998,6298,1159827,11840,1028603,true,
1999,11940,1171767,16183,1044786,true,
2000,7668,1179435,8328,1053114,true,
2001,22573,1202008,19134,1072248,true,
2002,9969,1211977,11399,1083647,true,
2003,27595,1239572,21198,1104845,true,
2004,16131,1255703,11817,1116662,true,
2005,3822,1259525,4333,1120995,true,
2006,22900,1282425,22900,1143895,true,
2007,30973,1313398,16915,1160810,true,
2008,31258,1344656,15374,1176184,true,
2009,28782,1373438,27796,1203980,true,
2010,38065,1411503,17698,1221678,true,
2011,70957,1482460,41415,1263093,true,
2012,26638,1509098,20213,1283306,true,
2013,2300,1511398,3000,1286306,true,
2014,9642,1521040,11075,1297381,true,
2015,18524,1539564,14506,1311887,true,
2016,28683,1568247,29643,1341530,true,
2017,20964,1589211,21435,1362965,true,
2018,27211,1616422,19467,1382432,true,
2019,11145,1627567,9918,1392350,true,
2020,15039,1723798,22690,1464177,true,
2021,3084,1726878,6448,1470629,true,
2022,317,1726878,773,1470629,false,dados ate janeiro
