ano,residencial_agua,residencial_esgoto,comercial_agua,comercial_esgoto,industrial_agua,industrial_esgoto,publico_agua,publico_esgoto,outros_agua,outros_esgoto,total_agua,total_esgoto,periodo_completo,observacoes
2000,86206,82973,11449,11219,489,403,334,473,607,271,99085,95339,true,
2001,89160,85870,11804,11552,488,400,519,480,455,291,102426,98593,true,
2002,91736,88553,12138,11892,502,421,547,503,466,295,105389,101664,true,
2003,93358,89157,12444,11884,506,483,551,503,443,295,107302,102322,true,
2004,94809,91686,12742,12481,514,413,461,423,628,458,109154,105461,true,
2005,96332,93506,13278,13018,524,415,480,453,606,471,111220,107863,true,
2006,98675,95521,13732,13450,538,413,536,506,630,502,114111,110392,true,
2007,100837,97564,13931,13641,543,411,591,551,623,504,116525,112671,true,
2008,103643,100183,14433,14048,553,411,654,616,467,339,119750,115597,true,
2009,105214,101241,14698,14218,559,415,684,636,493,353,121648,116863,true,
2010,107783,103620,15574,15222,567,418,721,672,574,430,125219,120362,true,
2011,110842,106335,16848,16439,589,430,767,719,533,388,129579,124311,true,
2012,112866,108825,17402,17051,613,485,782,760,540,425,132203,127546,true,
2013,114881,110674,17851,17494,615,487,800,775,624,508,134771,129938,true,
2014,117484,112889,18465,18089,625,494,806,780,373,264,137751,132517,true,
2015,121137,116271,18880,18511,634,501,824,799,392,282,141866,136364,true,
2016,124888,119939,19146,18770,634,502,884,857,972,824,146524,140891,true,
2017,130366,125394,19243,18849,654,517,912,885,1728,1509,152902,147153,true,
2018,137647,132635,19491,19013,655,521,942,883,1724,1487,160459,154539,true,
2019,132013,138876,18161,19415,608,545,957,889,2058,1988,153797,161713,true,
2020,148485,143223,19919,19530,667,604,167,157,4372,3392,173611,167445,true,
2021,154109,148857,20299,19838,671,609,164,155,4873,4372,179798,173582,true,
2022,156268,151031,20794,20384,683,622,166,157,5123,4629,183034,176823,false,"dados ate janeiro; Outros = construcao, gratuito, horta, poco e entidades assistenciais"
