ano,perdas_faturamento_pct,perdas_distribuicao_pct,perdas_brutas_lineares_m3_dia_km,perdas_por_ligacao_l_dia,fonte,pagina_pdf
2010,44.65,47.57,48.66,552.9,SNIS (Tabela 25 do PMSB 2026),159
2011,42.93,46.2,46.27,532,SNIS (Tabela 25 do PMSB 2026),159
2012,44.41,47.97,49.78,572.2,SNIS (Tabela 25 do PMSB 2026),159
2013,44.32,48.09,49.05,567.5,SNIS (Tabela 25 do PMSB 2026),159
2014,46.91,51.81,53.26,635.07,SNIS (Tabela 25 do PMSB 2026),159
2015,50.7,54.4,54.3,660,SNIS (Tabela 25 do PMSB 2026),159
2016,52.62,55.59,57.01,688.1,SNIS (Tabela 25 do PMSB 2026),159
2017,55.46,48.85,51.75,606.1,SNIS (Tabela 25 do PMSB 2026),159
2018,47.17,49.64,46.27,525.02,SNIS (Tabela 25 do PMSB 2026),159
2019,54.83,56.76,62.04,689.9,SNIS (Tabela 25 do PMSB 2026),159
2020,53.77,56.83,62.1,670.89,SNIS (Tabela 25 do PMSB 2026),159
2021,52.9,54.56,59.19,621.13,SNIS (Tabela 25 do PMSB 2026),159
2022,52.13,53.93,58.16,598.13,SNIS (Tabela 25 do PMSB 2026),159
