ano,0_4,5_9,10_14,15_19,20_24,25_29,30_34,35_39,40_44,45_49,50_54,55_59,60_64,65_69,70_74,75_mais,total_fonte,soma_faixas,diferenca_total_menos_soma,quality_flag,tipo_serie,projecao_futura
1980,25228,22525,21413,23054,22298,19205,15813,12296,11205,9620,8422,7000,5323,4123,2798,3020,213343,213343,0,ok,estimativa_seade,false
1981,25431,23178,22073,23330,22568,19776,16434,12943,11685,9916,8639,7204,5552,4279,2916,3177,219101,219101,0,ok,estimativa_seade,false
1982,25630,23841,22744,23600,22833,20356,17075,13618,12180,10217,8858,7410,5788,4438,3038,3340,224966,224966,0,ok,estimativa_seade,false
1983,25820,24512,23427,23866,23093,20946,17733,14322,12692,10522,9080,7619,6033,4602,3162,3510,230939,230939,0,ok,estimativa_seade,false
1984,26001,25194,24122,24124,23347,21545,18409,15057,13220,10833,9303,7832,6286,4769,3290,3687,237019,237019,0,ok,estimativa_seade,false
1985,26173,25884,24828,24375,23593,22152,19105,15825,13765,11150,9528,8046,6545,4941,3423,3872,243205,243205,0,ok,estimativa_seade,false
1986,26334,26583,25544,24621,23833,22768,19819,16625,14326,11470,9755,8264,6813,5118,3560,4065,249498,249498,0,ok,estimativa_seade,false
1987,26486,27290,26271,24858,24067,23392,20552,17459,14905,11794,9984,8484,7090,5297,3701,4264,255894,255894,0,ok,estimativa_seade,false
1988,26634,28005,27006,25086,24292,24022,21303,18326,15502,12123,10212,8706,7376,5483,3845,4473,262394,262394,0,ok,estimativa_seade,false
1989,26768,28726,27752,25308,24511,24661,22071,19229,16115,12458,10442,8931,7668,5670,3994,4691,268995,268995,0,ok,estimativa_seade,false
1990,26886,29455,28508,25520,24721,25306,22859,20168,16746,12795,10674,9158,7971,5864,4148,4917,275696,275696,0,ok,estimativa_seade,false
1991,27001,30188,29269,25722,24924,25956,23665,21143,17396,13136,10904,9387,8282,6062,4306,5151,282492,282492,0,ok,estimativa_seade,false
1992,27078,29947,29420,26544,25651,26230,24008,21742,18057,13825,11436,9669,8480,6278,4527,5431,288323,288323,0,ok,estimativa_seade,false
1993,26659,29142,28998,26839,25908,26008,23885,21902,18332,11436,9669,8480,6278,4527,5431,5618,288565,279112,9453,source_total_differs_from_age_sum,estimativa_seade,false
1994,26679,28849,29077,27631,26594,26215,24180,22473,18987,14966,12278,10018,8694,6580,4880,5907,294008,294008,0,ok,estimativa_seade,false
1995,26703,28562,29162,28452,27304,26429,24481,23065,19668,15718,12845,10293,8883,6801,5122,6213,299701,299701,0,ok,estimativa_seade,false
1996,26716,28269,29234,29285,28023,26633,24778,23662,20365,16499,13433,10573,9073,7026,5375,6532,305476,305476,0,ok,estimativa_seade,false
1997,26712,27961,29291,30129,28743,26823,25063,24260,21075,17311,14041,10853,9261,7256,5637,6863,311279,311279,0,ok,estimativa_seade,false
1998,26694,27641,29329,30971,29463,27000,25335,24859,21795,18152,14667,11135,9447,7487,5907,7207,317089,317089,0,ok,estimativa_seade,false
1999,26658,27305,29348,31818,30183,27158,25595,25456,22527,19019,15310,11416,9631,7722,6187,7564,322897,322897,0,ok,estimativa_seade,false
2000,26599,26951,29344,32666,30894,27295,25835,26046,23263,19912,15969,11695,9810,7957,6476,7930,328642,328642,0,ok,estimativa_seade,false
2001,26209,26740,29317,32336,31098,28017,26413,26264,23570,20433,16549,12298,10241,8190,6638,8339,332652,332652,0,ok,estimativa_seade,false
2002,25797,26501,29258,31975,31273,28729,26975,26456,23856,20945,17130,12919,10679,8422,6797,8761,336473,336473,0,ok,estimativa_seade,false
2003,25363,26238,29171,31587,31415,29428,27520,26622,24120,21450,17714,13557,11123,8651,6953,9194,340106,340106,0,ok,estimativa_seade,false
2004,24925,25963,29066,31186,31541,30128,28063,26774,24372,21954,18309,14218,11581,8880,7107,9643,343710,343710,0,ok,estimativa_seade,false
2005,24486,25682,28953,30778,31656,30834,28605,26919,24620,22461,18917,14907,12054,9115,7263,10110,347360,347360,0,ok,estimativa_seade,false
2006,24038,25384,28817,30352,31745,31531,29134,27041,24851,22962,19529,15616,12534,9346,7416,10591,350887,350887,0,ok,estimativa_seade,false
2007,23568,25063,28652,29901,31805,32210,29642,27137,25057,23451,20140,16342,13022,9574,7565,11085,354214,354214,0,ok,estimativa_seade,false
2008,23104,24732,28471,29439,31845,32884,30142,27217,25250,23936,20758,17093,13520,9802,7713,11593,357499,357499,0,ok,estimativa_seade,false
2009,22632,24399,28284,28978,31876,33565,30643,27290,25439,24424,21391,17873,14035,10032,7861,12123,360845,360845,0,ok,estimativa_seade,false
2010,22166,24063,28092,28515,31900,34251,31142,27358,25623,24917,22036,18683,14565,10265,8011,12674,364261,364261,0,ok,estimativa_seade,false
2011,22440,23703,27283,28510,31342,33932,31824,28096,25957,25024,22518,19208,15171,10852,8234,12910,367004,367004,0,ok,estimativa_seade,false
2012,22708,23338,26485,28492,30782,33605,32507,28840,26283,25119,23003,19737,15795,11470,8460,13144,369768,369768,0,ok,estimativa_seade,false
2013,22968,22971,25700,28463,30217,33261,33192,29591,26602,25204,23488,20273,16440,12116,8689,13378,372553,372553,0,ok,estimativa_seade,false
2014,23221,22598,24927,28420,29652,32910,33877,30350,26913,25281,23972,20814,17101,12793,8919,13610,375358,375358,0,ok,estimativa_seade,false
2015,23468,22222,24167,28366,29083,32548,34560,31115,27216,25346,24456,21361,17782,13503,9152,13840,378185,378185,0,ok,estimativa_seade,false
2016,23248,22496,23805,27547,29060,31972,34232,31799,27957,25686,24572,21845,18298,14083,9693,14201,380494,380494,0,ok,estimativa_seade,false
2017,23021,22762,23438,26740,29025,31392,33898,32482,28704,26017,24677,22331,18821,14683,10262,14564,382817,382817,0,ok,estimativa_seade,false
2018,22786,23020,23065,25946,28977,30810,33552,33169,29458,26341,24775,22817,19349,15301,10859,14930,385155,385155,0,ok,estimativa_seade,false
2019,22544,23272,22690,25164,28918,30224,33189,33855,30219,26659,24860,23304,19886,15938,11486,15299,387507,387507,0,ok,estimativa_seade,false
2020,22294,23517,22310,24395,28844,29637,32820,34540,30987,26968,24935,23791,20427,16595,12144,15669,389873,389873,0,ok,estimativa_seade,false
2025,20603,22322,23573,22443,24680,29174,29791,32778,34389,30721,26567,24312,22842,19167,15046,19488,397896,397896,0,ok,estimativa_seade,true
2030,18852,20632,22377,23707,22712,24988,29326,29774,32663,34132,30321,25972,23426,21553,17508,24460,402403,402403,0,ok,estimativa_seade,true
2035,17551,18858,20654,22438,23829,22845,25036,29276,29663,32430,33716,29704,25106,22203,19835,29819,402963,402963,0,ok,estimativa_seade,true
2040,16548,17560,18881,20715,22563,23965,22902,25011,29189,29489,32091,33106,28819,23914,20567,35394,400714,400714,0,ok,estimativa_seade,true
2045,15642,16557,17582,18938,20835,22700,24029,22892,24955,29046,29225,31576,32212,27578,22289,39722,395778,395778,0,ok,estimativa_seade,true
2050,14752,15651,16578,17635,19049,20963,22761,24016,22841,24834,28785,28757,30718,30811,25710,43854,387715,387715,0,ok,estimativa_seade,true
