ano,faixa_etaria,populacao,projecao_futura
1980,0_4,25228,false
1980,5_9,22525,false
1980,10_14,21413,false
1980,15_19,23054,false
1980,20_24,22298,false
1980,25_29,19205,false
1980,30_34,15813,false
1980,35_39,12296,false
1980,40_44,11205,false
1980,45_49,9620,false
1980,50_54,8422,false
1980,55_59,7000,false
1980,60_64,5323,false
1980,65_69,4123,false
1980,70_74,2798,false
1980,75_mais,3020,false
1981,0_4,25431,false
1981,5_9,23178,false
1981,10_14,22073,false
1981,15_19,23330,false
1981,20_24,22568,false
1981,25_29,19776,false
1981,30_34,16434,false
1981,35_39,12943,false
1981,40_44,11685,false
1981,45_49,9916,false
1981,50_54,8639,false
1981,55_59,7204,false
1981,60_64,5552,false
1981,65_69,4279,false
1981,70_74,2916,false
1981,75_mais,3177,false
1982,0_4,25630,false
1982,5_9,23841,false
1982,10_14,22744,false
1982,15_19,23600,false
1982,20_24,22833,false
1982,25_29,20356,false
1982,30_34,17075,false
1982,35_39,13618,false
1982,40_44,12180,false
1982,45_49,10217,false
1982,50_54,8858,false
1982,55_59,7410,false
1982,60_64,5788,false
1982,65_69,4438,false
1982,70_74,3038,false
1982,75_mais,3340,false
1983,0_4,25820,false
1983,5_9,24512,false
1983,10_14,23427,false
1983,15_19,23866,false
1983,20_24,23093,false
1983,25_29,20946,false
1983,30_34,17733,false
1983,35_39,14322,false
1983,40_44,12692,false
1983,45_49,10522,false
1983,50_54,9080,false
1983,55_59,7619,false
1983,60_64,6033,false
1983,65_69,4602,false
1983,70_74,3162,false
1983,75_mais,3510,false
1984,0_4,26001,false
1984,5_9,25194,false
1984,10_14,24122,false
1984,15_19,24124,false
1984,20_24,23347,false
1984,25_29,21545,false
1984,30_34,18409,false
1984,35_39,15057,false
1984,40_44,13220,false
1984,45_49,10833,false
1984,50_54,9303,false
1984,55_59,7832,false
1984,60_64,6286,false
1984,65_69,4769,false
1984,70_74,3290,false
1984,75_mais,3687,false
1985,0_4,26173,false
1985,5_9,25884,false
1985,10_14,24828,false
1985,15_19,24375,false
1985,20_24,23593,false
1985,25_29,22152,false
1985,30_34,19105,false
1985,35_39,15825,false
1985,40_44,13765,false
1985,45_49,11150,false
1985,50_54,9528,false
1985,55_59,8046,false
1985,60_64,6545,false
1985,65_69,4941,false
1985,70_74,3423,false
1985,75_mais,3872,false
1986,0_4,26334,false
1986,5_9,26583,false
1986,10_14,25544,false
1986,15_19,24621,false
1986,20_24,23833,false
1986,25_29,22768,false
1986,30_34,19819,false
1986,35_39,16625,false
1986,40_44,14326,false
1986,45_49,11470,false
1986,50_54,9755,false
1986,55_59,8264,false
1986,60_64,6813,false
1986,65_69,5118,false
1986,70_74,3560,false
1986,75_mais,4065,false
1987,0_4,26486,false
1987,5_9,27290,false
1987,10_14,26271,false
1987,15_19,24858,false
1987,20_24,24067,false
1987,25_29,23392,false
1987,30_34,20552,false
1987,35_39,17459,false
1987,40_44,14905,false
1987,45_49,11794,false
1987,50_54,9984,false
1987,55_59,8484,false
1987,60_64,7090,false
1987,65_69,5297,false
1987,70_74,3701,false
1987,75_mais,4264,false
1988,0_4,26634,false
1988,5_9,28005,false
1988,10_14,27006,false
1988,15_19,25086,false
1988,20_24,24292,false
1988,25_29,24022,false
1988,30_34,21303,false
1988,35_39,18326,false
1988,40_44,15502,false
1988,45_49,12123,false
1988,50_54,10212,false
1988,55_59,8706,false
1988,60_64,7376,false
1988,65_69,5483,false
1988,70_74,3845,false
1988,75_mais,4473,false
1989,0_4,26768,false
1989,5_9,28726,false
1989,10_14,27752,false
1989,15_19,25308,false
1989,20_24,24511,false
1989,25_29,24661,false
1989,30_34,22071,false
1989,35_39,19229,false
1989,40_44,16115,false
1989,45_49,12458,false
1989,50_54,10442,false
1989,55_59,8931,false
1989,60_64,7668,false
1989,65_69,5670,false
1989,70_74,3994,false
1989,75_mais,4691,false
1990,0_4,26886,false
1990,5_9,29455,false
1990,10_14,28508,false
1990,15_19,25520,false
1990,20_24,24721,false
1990,25_29,25306,false
1990,30_34,22859,false
1990,35_39,20168,false
1990,40_44,16746,false
1990,45_49,12795,false
1990,50_54,10674,false
1990,55_59,9158,false
1990,60_64,7971,false
1990,65_69,5864,false
1990,70_74,4148,false
1990,75_mais,4917,false
1991,0_4,27001,false
1991,5_9,30188,false
1991,10_14,29269,false
1991,15_19,25722,false
1991,20_24,24924,false
1991,25_29,25956,false
1991,30_34,23665,false
1991,35_39,21143,false
1991,40_44,17396,false
1991,45_49,13136,false
1991,50_54,10904,false
1991,55_59,9387,false
1991,60_64,8282,false
1991,65_69,6062,false
1991,70_74,4306,false
1991,75_mais,5151,false
1992,0_4,27078,false
1992,5_9,29947,false
1992,10_14,29420,false
1992,15_19,26544,false
1992,20_24,25651,false
1992,25_29,26230,false
1992,30_34,24008,false
1992,35_39,21742,false
1992,40_44,18057,false
1992,45_49,13825,false
1992,50_54,11436,false
1992,55_59,9669,false
1992,60_64,8480,false
1992,65_69,6278,false
1992,70_74,4527,false
1992,75_mais,5431,false
1993,0_4,26659,false
1993,5_9,29142,false
1993,10_14,28998,false
1993,15_19,26839,false
1993,20_24,25908,false
1993,25_29,26008,false
1993,30_34,23885,false
1993,35_39,21902,false
1993,40_44,18332,false
1993,45_49,11436,false
1993,50_54,9669,false
1993,55_59,8480,false
1993,60_64,6278,false
1993,65_69,4527,false
1993,70_74,5431,false
1993,75_mais,5618,false
1994,0_4,26679,false
1994,5_9,28849,false
1994,10_14,29077,false
1994,15_19,27631,false
1994,20_24,26594,false
1994,25_29,26215,false
1994,30_34,24180,false
1994,35_39,22473,false
1994,40_44,18987,false
1994,45_49,14966,false
1994,50_54,12278,false
1994,55_59,10018,false
1994,60_64,8694,false
1994,65_69,6580,false
1994,70_74,4880,false
1994,75_mais,5907,false
1995,0_4,26703,false
1995,5_9,28562,false
1995,10_14,29162,false
1995,15_19,28452,false
1995,20_24,27304,false
1995,25_29,26429,false
1995,30_34,24481,false
1995,35_39,23065,false
1995,40_44,19668,false
1995,45_49,15718,false
1995,50_54,12845,false
1995,55_59,10293,false
1995,60_64,8883,false
1995,65_69,6801,false
1995,70_74,5122,false
1995,75_mais,6213,false
1996,0_4,26716,false
1996,5_9,28269,false
1996,10_14,29234,false
1996,15_19,29285,false
1996,20_24,28023,false
1996,25_29,26633,false
1996,30_34,24778,false
1996,35_39,23662,false
1996,40_44,20365,false
1996,45_49,16499,false
1996,50_54,13433,false
1996,55_59,10573,false
1996,60_64,9073,false
1996,65_69,7026,false
1996,70_74,5375,false
1996,75_mais,6532,false
1997,0_4,26712,false
1997,5_9,27961,false
1997,10_14,29291,false
1997,15_19,30129,false
1997,20_24,28743,false
1997,25_29,26823,false
1997,30_34,25063,false
1997,35_39,24260,false
1997,40_44,21075,false
1997,45_49,17311,false
1997,50_54,14041,false
1997,55_59,10853,false
1997,60_64,9261,false
1997,65_69,7256,false
1997,70_74,5637,false
1997,75_mais,6863,false
1998,0_4,26694,false
1998,5_9,27641,false
1998,10_14,29329,false
1998,15_19,30971,false
1998,20_24,29463,false
1998,25_29,27000,false
1998,30_34,25335,false
1998,35_39,24859,false
1998,40_44,21795,false
1998,45_49,18152,false
1998,50_54,14667,false
1998,55_59,11135,false
1998,60_64,9447,false
1998,65_69,7487,false
1998,70_74,5907,false
1998,75_mais,7207,false
1999,0_4,26658,false
1999,5_9,27305,false
1999,10_14,29348,false
1999,15_19,31818,false
1999,20_24,30183,false
1999,25_29,27158,false
1999,30_34,25595,false
1999,35_39,25456,false
1999,40_44,22527,false
1999,45_49,19019,false
1999,50_54,15310,false
1999,55_59,11416,false
1999,60_64,9631,false
1999,65_69,7722,false
1999,70_74,6187,false
1999,75_mais,7564,false
2000,0_4,26599,false
2000,5_9,26951,false
2000,10_14,29344,false
2000,15_19,32666,false
2000,20_24,30894,false
2000,25_29,27295,false
2000,30_34,25835,false
2000,35_39,26046,false
2000,40_44,23263,false
2000,45_49,19912,false
2000,50_54,15969,false
2000,55_59,11695,false
2000,60_64,9810,false
2000,65_69,7957,false
2000,70_74,6476,false
2000,75_mais,7930,false
2001,0_4,26209,false
2001,5_9,26740,false
2001,10_14,29317,false
2001,15_19,32336,false
2001,20_24,31098,false
2001,25_29,28017,false
2001,30_34,26413,false
2001,35_39,26264,false
2001,40_44,23570,false
2001,45_49,20433,false
2001,50_54,16549,false
2001,55_59,12298,false
2001,60_64,10241,false
2001,65_69,8190,false
2001,70_74,6638,false
2001,75_mais,8339,false
2002,0_4,25797,false
2002,5_9,26501,false
2002,10_14,29258,false
2002,15_19,31975,false
2002,20_24,31273,false
2002,25_29,28729,false
2002,30_34,26975,false
2002,35_39,26456,false
2002,40_44,23856,false
2002,45_49,20945,false
2002,50_54,17130,false
2002,55_59,12919,false
2002,60_64,10679,false
2002,65_69,8422,false
2002,70_74,6797,false
2002,75_mais,8761,false
2003,0_4,25363,false
2003,5_9,26238,false
2003,10_14,29171,false
2003,15_19,31587,false
2003,20_24,31415,false
2003,25_29,29428,false
2003,30_34,27520,false
2003,35_39,26622,false
2003,40_44,24120,false
2003,45_49,21450,false
2003,50_54,17714,false
2003,55_59,13557,false
2003,60_64,11123,false
2003,65_69,8651,false
2003,70_74,6953,false
2003,75_mais,9194,false
2004,0_4,24925,false
2004,5_9,25963,false
2004,10_14,29066,false
2004,15_19,31186,false
2004,20_24,31541,false
2004,25_29,30128,false
2004,30_34,28063,false
2004,35_39,26774,false
2004,40_44,24372,false
2004,45_49,21954,false
2004,50_54,18309,false
2004,55_59,14218,false
2004,60_64,11581,false
2004,65_69,8880,false
2004,70_74,7107,false
2004,75_mais,9643,false
2005,0_4,24486,false
2005,5_9,25682,false
2005,10_14,28953,false
2005,15_19,30778,false
2005,20_24,31656,false
2005,25_29,30834,false
2005,30_34,28605,false
2005,35_39,26919,false
2005,40_44,24620,false
2005,45_49,22461,false
2005,50_54,18917,false
2005,55_59,14907,false
2005,60_64,12054,false
2005,65_69,9115,false
2005,70_74,7263,false
2005,75_mais,10110,false
2006,0_4,24038,false
2006,5_9,25384,false
2006,10_14,28817,false
2006,15_19,30352,false
2006,20_24,31745,false
2006,25_29,31531,false
2006,30_34,29134,false
2006,35_39,27041,false
2006,40_44,24851,false
2006,45_49,22962,false
2006,50_54,19529,false
2006,55_59,15616,false
2006,60_64,12534,false
2006,65_69,9346,false
2006,70_74,7416,false
2006,75_mais,10591,false
2007,0_4,23568,false
2007,5_9,25063,false
2007,10_14,28652,false
2007,15_19,29901,false
2007,20_24,31805,false
2007,25_29,32210,false
2007,30_34,29642,false
2007,35_39,27137,false
2007,40_44,25057,false
2007,45_49,23451,false
2007,50_54,20140,false
2007,55_59,16342,false
2007,60_64,13022,false
2007,65_69,9574,false
2007,70_74,7565,false
2007,75_mais,11085,false
2008,0_4,23104,false
2008,5_9,24732,false
2008,10_14,28471,false
2008,15_19,29439,false
2008,20_24,31845,false
2008,25_29,32884,false
2008,30_34,30142,false
2008,35_39,27217,false
2008,40_44,25250,false
2008,45_49,23936,false
2008,50_54,20758,false
2008,55_59,17093,false
2008,60_64,13520,false
2008,65_69,9802,false
2008,70_74,7713,false
2008,75_mais,11593,false
2009,0_4,22632,false
2009,5_9,24399,false
2009,10_14,28284,false
2009,15_19,28978,false
2009,20_24,31876,false
2009,25_29,33565,false
2009,30_34,30643,false
2009,35_39,27290,false
2009,40_44,25439,false
2009,45_49,24424,false
2009,50_54,21391,false
2009,55_59,17873,false
2009,60_64,14035,false
2009,65_69,10032,false
2009,70_74,7861,false
2009,75_mais,12123,false
2010,0_4,22166,false
2010,5_9,24063,false
2010,10_14,28092,false
2010,15_19,28515,false
2010,20_24,31900,false
2010,25_29,34251,false
2010,30_34,31142,false
2010,35_39,27358,false
2010,40_44,25623,false
2010,45_49,24917,false
2010,50_54,22036,false
2010,55_59,18683,false
2010,60_64,14565,false
2010,65_69,10265,false
2010,70_74,8011,false
2010,75_mais,12674,false
2011,0_4,22440,false
2011,5_9,23703,false
2011,10_14,27283,false
2011,15_19,28510,false
2011,20_24,31342,false
2011,25_29,33932,false
2011,30_34,31824,false
2011,35_39,28096,false
2011,40_44,25957,false
2011,45_49,25024,false
2011,50_54,22518,false
2011,55_59,19208,false
2011,60_64,15171,false
2011,65_69,10852,false
2011,70_74,8234,false
2011,75_mais,12910,false
2012,0_4,22708,false
2012,5_9,23338,false
2012,10_14,26485,false
2012,15_19,28492,false
2012,20_24,30782,false
2012,25_29,33605,false
2012,30_34,32507,false
2012,35_39,28840,false
2012,40_44,26283,false
2012,45_49,25119,false
2012,50_54,23003,false
2012,55_59,19737,false
2012,60_64,15795,false
2012,65_69,11470,false
2012,70_74,8460,false
2012,75_mais,13144,false
2013,0_4,22968,false
2013,5_9,22971,false
2013,10_14,25700,false
2013,15_19,28463,false
2013,20_24,30217,false
2013,25_29,33261,false
2013,30_34,33192,false
2013,35_39,29591,false
2013,40_44,26602,false
2013,45_49,25204,false
2013,50_54,23488,false
2013,55_59,20273,false
2013,60_64,16440,false
2013,65_69,12116,false
2013,70_74,8689,false
2013,75_mais,13378,false
2014,0_4,23221,false
2014,5_9,22598,false
2014,10_14,24927,false
2014,15_19,28420,false
2014,20_24,29652,false
2014,25_29,32910,false
2014,30_34,33877,false
2014,35_39,30350,false
2014,40_44,26913,false
2014,45_49,25281,false
2014,50_54,23972,false
2014,55_59,20814,false
2014,60_64,17101,false
2014,65_69,12793,false
2014,70_74,8919,false
2014,75_mais,13610,false
2015,0_4,23468,false
2015,5_9,22222,false
2015,10_14,24167,false
2015,15_19,28366,false
2015,20_24,29083,false
2015,25_29,32548,false
2015,30_34,34560,false
2015,35_39,31115,false
2015,40_44,27216,false
2015,45_49,25346,false
2015,50_54,24456,false
2015,55_59,21361,false
2015,60_64,17782,false
2015,65_69,13503,false
2015,70_74,9152,false
2015,75_mais,13840,false
2016,0_4,23248,false
2016,5_9,22496,false
2016,10_14,23805,false
2016,15_19,27547,false
2016,20_24,29060,false
2016,25_29,31972,false
2016,30_34,34232,false
2016,35_39,31799,false
2016,40_44,27957,false
2016,45_49,25686,false
2016,50_54,24572,false
2016,55_59,21845,false
2016,60_64,18298,false
2016,65_69,14083,false
2016,70_74,9693,false
2016,75_mais,14201,false
2017,0_4,23021,false
2017,5_9,22762,false
2017,10_14,23438,false
2017,15_19,26740,false
2017,20_24,29025,false
2017,25_29,31392,false
2017,30_34,33898,false
2017,35_39,32482,false
2017,40_44,28704,false
2017,45_49,26017,false
2017,50_54,24677,false
2017,55_59,22331,false
2017,60_64,18821,false
2017,65_69,14683,false
2017,70_74,10262,false
2017,75_mais,14564,false
2018,0_4,22786,false
2018,5_9,23020,false
2018,10_14,23065,false
2018,15_19,25946,false
2018,20_24,28977,false
2018,25_29,30810,false
2018,30_34,33552,false
2018,35_39,33169,false
2018,40_44,29458,false
2018,45_49,26341,false
2018,50_54,24775,false
2018,55_59,22817,false
2018,60_64,19349,false
2018,65_69,15301,false
2018,70_74,10859,false
2018,75_mais,14930,false
2019,0_4,22544,false
2019,5_9,23272,false
2019,10_14,22690,false
2019,15_19,25164,false
2019,20_24,28918,false
2019,25_29,30224,false
2019,30_34,33189,false
2019,35_39,33855,false
2019,40_44,30219,false
2019,45_49,26659,false
2019,50_54,24860,false
2019,55_59,23304,false
2019,60_64,19886,false
2019,65_69,15938,false
2019,70_74,11486,false
2019,75_mais,15299,false
2020,0_4,22294,false
2020,5_9,23517,false
2020,10_14,22310,false
2020,15_19,24395,false
2020,20_24,28844,false
2020,25_29,29637,false
2020,30_34,32820,false
2020,35_39,34540,false
2020,40_44,30987,false
2020,45_49,26968,false
2020,50_54,24935,false
2020,55_59,23791,false
2020,60_64,20427,false
2020,65_69,16595,false
2020,70_74,12144,false
2020,75_mais,15669,false
2025,0_4,20603,true
2025,5_9,22322,true
2025,10_14,23573,true
2025,15_19,22443,true
2025,20_24,24680,true
2025,25_29,29174,true
2025,30_34,29791,true
2025,35_39,32778,true
2025,40_44,34389,true
2025,45_49,30721,true
2025,50_54,26567,true
2025,55_59,24312,true
2025,60_64,22842,true
2025,65_69,19167,true
2025,70_74,15046,true
2025,75_mais,19488,true
2030,0_4,18852,true
2030,5_9,20632,true
2030,10_14,22377,true
2030,15_19,23707,true
2030,20_24,22712,true
2030,25_29,24988,true
2030,30_34,29326,true
2030,35_39,29774,true
2030,40_44,32663,true
2030,45_49,34132,true
2030,50_54,30321,true
2030,55_59,25972,true
2030,60_64,23426,true
2030,65_69,21553,true
2030,70_74,17508,true
2030,75_mais,24460,true
2035,0_4,17551,true
2035,5_9,18858,true
2035,10_14,20654,true
2035,15_19,22438,true
2035,20_24,23829,true
2035,25_29,22845,true
2035,30_34,25036,true
2035,35_39,29276,true
2035,40_44,29663,true
2035,45_49,32430,true
2035,50_54,33716,true
2035,55_59,29704,true
2035,60_64,25106,true
2035,65_69,22203,true
2035,70_74,19835,true
2035,75_mais,29819,true
2040,0_4,16548,true
2040,5_9,17560,true
2040,10_14,18881,true
2040,15_19,20715,true
2040,20_24,22563,true
2040,25_29,23965,true
2040,30_34,22902,true
2040,35_39,25011,true
2040,40_44,29189,true
2040,45_49,29489,true
2040,50_54,32091,true
2040,55_59,33106,true
2040,60_64,28819,true
2040,65_69,23914,true
2040,70_74,20567,true
2040,75_mais,35394,true
2045,0_4,15642,true
2045,5_9,16557,true
2045,10_14,17582,true
2045,15_19,18938,true
2045,20_24,20835,true
2045,25_29,22700,true
2045,30_34,24029,true
2045,35_39,22892,true
2045,40_44,24955,true
2045,45_49,29046,true
2045,50_54,29225,true
2045,55_59,31576,true
2045,60_64,32212,true
2045,65_69,27578,true
2045,70_74,22289,true
2045,75_mais,39722,true
2050,0_4,14752,true
2050,5_9,15651,true
2050,10_14,16578,true
2050,15_19,17635,true
2050,20_24,19049,true
2050,25_29,20963,true
2050,30_34,22761,true
2050,35_39,24016,true
2050,40_44,22841,true
2050,45_49,24834,true
2050,50_54,28785,true
2050,55_59,28757,true
2050,60_64,30718,true
2050,65_69,30811,true
2050,70_74,25710,true
2050,75_mais,43854,true
