ano,media_mensal_mm,total_anual_mm,meses_com_dado,periodo_completo,observacoes
1917,86.0,1031.5,12,true,
1918,93.6,1122.9,12,true,
1919,90.7,1088.6,12,true,
1920,102.0,1224.2,12,true,
1921,67.7,812.0,12,true,
1922,101.1,1213.4,12,true,
1923,122.4,1468.5,12,true,
1924,74.5,894.4,12,true,
1925,83.9,1006.8,12,true,
1926,128.9,1547.0,12,true,
1927,109.5,1314.0,12,true,
1928,98.3,1179.1,12,true,
1929,129.9,1558.5,12,true,
1930,125.5,1506.4,12,true,
1931,134.7,1615.9,12,true,
1932,110.2,1322.3,12,true,
1933,80.9,970.5,12,true,
1934,91.9,1103.2,12,true,
1935,107.6,1291.7,12,true,
1936,100.4,1204.4,12,true,
1937,105.4,1264.4,12,true,
1938,97.8,1173.4,12,true,
1939,125.2,1502.5,12,true,
1940,111.6,1338.9,12,true,
1941,99.3,1191.5,12,true,
1942,97.8,1174.0,12,true,
1943,136.2,1634.2,12,true,
1944,97.7,1172.1,12,true,
1945,130.7,1568.5,12,true,
1946,82.0,984.1,12,true,
1947,129.0,1547.6,12,true,
1948,102.4,1228.8,12,true,
1949,111.4,1336.9,12,true,
1950,118.3,1420.0,12,true,
1951,99.4,1192.2,12,true,
1952,92.2,1106.8,12,true,
1953,91.1,1093.3,12,true,
1954,90.1,1081.4,12,true,
1955,101.9,1222.9,12,true,
1956,79.4,952.8,12,true,
1957,108.6,1303.0,12,true,
1958,124.1,1489.3,12,true,
1959,110.3,1324.0,12,true,
1960,127.3,1527.6,12,true,
1961,86.3,1035.2,12,true,
1962,116.6,1399.5,12,true,
1963,79.7,955.9,12,true,
1964,82.7,992.9,12,true,
1965,126.9,1523.1,12,true,
1966,98.1,1177.6,12,true,
1967,104.6,1255.2,12,true,
1968,85.3,1023.8,12,true,
1969,88.5,1061.4,12,true,
1970,113.2,1358.4,12,true,
1971,95.5,1145.4,12,true,
1972,97.8,1173.9,12,true,
1973,78.0,936.0,12,true,
1974,103.3,1239.9,12,true,
1975,113.8,1365.4,12,true,
1976,140.8,1690.0,12,true,
1977,98.4,1180.4,12,true,
1978,76.9,922.2,12,true,
1979,91.8,1101.6,12,true,
1980,78.8,945.3,12,true,
1981,103.0,1235.4,12,true,
1982,143.5,1722.2,12,true,
1983,168.1,2017.7,12,true,
1984,74.2,890.2,12,true,
1985,72.5,870.1,12,true,
1986,110.2,1322.1,12,true,
1987,125.4,1505.1,12,true,
1988,122.2,1466.4,12,true,
1989,120.6,1446.6,12,true,
1990,108.5,1301.9,12,true,
1991,127.8,1533.5,12,true,
1992,109.2,1310.4,12,true,
1993,110.3,1323.6,12,true,
1994,115.1,1381.7,12,true,
1995,137.3,1647.5,12,true,
1996,132.6,1591.2,12,true,
1997,113.3,1359.1,12,true,
1998,119.1,1429.4,12,true,
1999,120.0,1439.9,12,true,
2000,111.8,1342.1,12,true,
2001,103.4,1240.8,12,true,
2002,121.8,1462.1,12,true,
2003,92.0,1104.4,12,true,
2004,97.1,1165.5,12,true,
2005,91.0,1091.5,12,true,
2006,105.1,1261.7,12,true,
2007,106.7,1279.9,12,true,
2008,116.3,1395.9,12,true,
2009,109.4,1312.4,12,true,
2010,97.3,1167.4,12,true,
2011,131.2,1574.9,12,true,
2012,103.7,1244.8,12,true,
2013,113.5,1362.4,12,true,
2014,75.6,906.9,12,true,
2015,120.2,1441.9,12,true,
2016,118.8,1425.9,12,true,
2017,119.2,1430.3,12,true,
2018,97.2,1166.7,12,true,
2019,102.8,1233.7,12,true,
2020,95.7,1148.8,12,true,
2021,77.9,1012.2,12,true,
2022,,407.7,1,false,dados apenas de janeiro
