ano,media_mensal_produzido_m3,media_mensal_distribuido_m3,total_produzido_m3,total_distribuido_m3,periodo_completo,quality_flag
1989,2453085,1607630,29437017,19291562,true,ok
1990,2864836,2706890,34378031,32482677,true,ok
1991,3195011,3012887,38340135,36154645,true,ok
1992,2988922,2784937,35867069,33419249,true,ok
1993,2629885,2420043,31558620,29040510,true,ok
1994,2855870,2577997,34270445,30935960,true,ok
1995,3106666,2927366,37279990,35128387,true,ok
1996,3133324,2968295,37599889,35619539,true,ok
1997,3360872,3194556,40330461,38334672,true,ok
1998,3517863,3356889,42214351,40282665,true,ok
1999,3534870,3397435,42418436,40769219,true,ok
2000,3596160,3457162,43153917,41485945,true,ok
2001,3550099,3428413,42601187,41140951,true,ok
2002,3677679,3548295,44132152,42579544,true,ok
2003,3877782,3740271,46533385,44883246,true,ok
2004,4029773,3891226,48357278,46694711,true,ok
2005,4260819,4093392,51129824,49120706,true,ok
2006,4411366,4224213,52936397,50690558,true,ok
2007,4470575,4233960,53646897,50807525,true,ok
2008,4360620,4142330,52327442,49707956,true,ok
2009,4502950,4286517,54035400,51438207,true,ok
2010,1554969,4554865,18659624,54658378,true,distributed_total_gt_produced_total
2011,4880094,4657333,58561124,55887996,true,ok
2012,5130923,4907831,61571076,58893976,true,ok
2013,5208774,4984732,62505283,59816782,true,ok
2014,5198391,4943205,62380696,59318463,true,ok
2015,5087666,4885864,61051991,58630370,true,ok
2016,5296027,5096003,63552328,61152030,true,ok
2017,5546859,5344301,66562309,64131614,true,ok
2018,5594974,5417976,67139687,65015711,true,ok
2019,5855120,5644857,58551199,56448574,true,produced_total_not_close_to_monthly_x12|distributed_total_not_close_to_monthly_x12
2020,5994593,5704229,71935112,68450724,true,ok
2021,5981835,5689565,71782021,68274786,true,ok
2022,5996160,5996160,5722762,5722762,false,partial_year_january
