ano,vazao_media_m3s,vazao_minima_m3s,vazao_maxima_m3s,periodo_completo,observacoes
1989,118.0,38.0,610.0,true,
1990,91.0,25.0,742.0,true,
1991,140.0,33.0,835.0,true,
1992,84.0,28.0,483.0,true,
1993,105.0,39.0,463.0,true,
1994,86.0,25.0,549.0,true,
1995,153.0,42.0,826.0,true,
1996,148.0,42.0,626.0,true,
1997,121.0,39.0,671.0,true,
1998,107.0,35.0,546.0,true,
1999,138.0,35.0,886.0,true,
2000,92.0,27.0,573.0,true,
2001,93.0,18.0,384.0,true,
2002,96.0,14.9,485.0,true,
2003,71.13,12.7,496.0,true,
2004,88.35,23.95,396.0,true,
2005,101.77,30.0,616.0,true,
2006,86.2,21.4,497.0,true,
2007,88.72,20.2,536.97,true,
2008,93.42,28.93,405.35,true,
2009,112.32,15.7,759.11,true,
2010,144.59,34.11,793.17,true,
2011,148.73,25.9,1130.52,true,
2012,117.24,42.8,604.26,true,
2013,88.64,28.93,419.17,true,
2014,30.56,4.5,447.27,true,
2015,71.91,11.13,457.96,true,
2016,122.35,22.91,901.87,true,
2017,90.95,19.43,628.23,true,
2018,63.37,15.62,306.24,true,
2019,65.06,15.62,593.66,false,informacoes de janeiro a outubro
